{
  "f1_raw": 0.002868,
  "prec_raw": 0.072793,
  "rec_raw": 0.001463,
  "f1_pa": 0.714749,
  "prec_pa": 0.968159,
  "rec_pa": 0.566477,
  "auc_roc": 0.459755,
  "auc_pr": 0.114116,
  "vus_roc": 0.461704,
  "vus_pr": 0.129003,
  "f1_pa_best": 0.844258,
  "f1_pa_ar": 0.672438,
  "prec_pa_ar": 0.511627,
  "rec_pa_ar": 0.980675
}