{
  "f1_raw": 0.002726,
  "prec_raw": 0.071429,
  "rec_raw": 0.001389,
  "f1_pa": 0.6842,
  "prec_pa": 0.967004,
  "rec_pa": 0.529381,
  "auc_roc": 0.508594,
  "auc_pr": 0.120457,
  "vus_roc": 0.50957,
  "vus_pr": 0.136392,
  "f1_pa_best": 0.830128,
  "f1_pa_ar": 0.673251,
  "prec_pa_ar": 0.512037,
  "rec_pa_ar": 0.982631
}