{
  "per_channel_macro": {
    "vus_roc": 0.619839,
    "f1_pa": 0.375781,
    "rec_pa": 0.531026,
    "vus_pr": 0.250605,
    "rec_raw": 0.226701,
    "prec_raw": 0.219589,
    "f1_raw": 0.140939,
    "prec_pa": 0.352701,
    "auc_roc": 0.618523,
    "auc_pr": 0.227248,
    "n_channels_evaluated": 50.0
  },
  "global_reference": {
    "f1_raw": 0.796206,
    "prec_raw": 0.679353,
    "rec_raw": 0.96161,
    "f1_pa": 0.815039,
    "prec_pa": 0.687819,
    "rec_pa": 1.0,
    "auc_roc": 0.66171,
    "auc_pr": 0.847408,
    "vus_roc": 0.639344,
    "vus_pr": 0.864683
  }
}